{"uploads": {"upload_a043e2d3828843f581f55a27b0f9605c.xlsx": 1756818011.5208638}, "results": {"B.Tech AIML 5 result 20250902_182041.xlsx": 1756818641.873019, "Dashboard_Results_20250902_182123.xlsx": 1756818683.9739456}}